day,source,msg_id
2025-09-18 00:00:00+00:00,mailbox,264
2025-09-19 00:00:00+00:00,mailbox,263
2025-09-19 00:00:00+00:00,mailbox,262
2025-09-21 00:00:00+00:00,mailbox,261
2025-09-22 00:00:00+00:00,mailbox,260
2025-09-23 00:00:00+00:00,mailbox,259
2025-09-23 00:00:00+00:00,mailbox,258
2025-09-24 00:00:00+00:00,mailbox,257
2025-09-27 00:00:00+00:00,mailbox,256
2025-09-29 00:00:00+00:00,mailbox,255
2025-09-30 00:00:00+00:00,mailbox,254
2025-10-01 00:00:00+00:00,mailbox,253
2025-10-02 00:00:00+00:00,mailbox,252
2025-10-02 00:00:00+00:00,mailbox,251
2025-10-06 00:00:00+00:00,mailbox,249
2025-10-06 00:00:00+00:00,mailbox,248
2025-10-08 00:00:00+00:00,mailbox,247
2025-10-08 00:00:00+00:00,events,166
2025-10-11 00:00:00+00:00,mailbox,244
2025-10-13 00:00:00+00:00,mailbox,243
2025-10-15 00:00:00+00:00,mailbox,242
2025-10-15 00:00:00+00:00,mailbox,241
2025-10-17 00:00:00+00:00,intensives,18
2025-10-17 00:00:00+00:00,mailbox,239
2025-10-17 00:00:00+00:00,events,191
2025-10-17 00:00:00+00:00,intensives,20
2025-10-18 00:00:00+00:00,mailbox,238
2025-10-18 00:00:00+00:00,intensives,22
2025-10-20 00:00:00+00:00,mailbox,237
2025-10-20 00:00:00+00:00,events,196
2025-10-21 00:00:00+00:00,mailbox,236
2025-10-21 00:00:00+00:00,events,198
2025-10-22 00:00:00+00:00,mailbox,235
2025-10-22 00:00:00+00:00,events,202
2025-10-22 00:00:00+00:00,intensives,44
2025-10-22 00:00:00+00:00,intensives,47
2025-10-24 00:00:00+00:00,intensives,49
2025-10-24 00:00:00+00:00,mailbox,233
2025-10-24 00:00:00+00:00,intensives,51
2025-10-27 00:00:00+00:00,mailbox,232
2025-10-27 00:00:00+00:00,intensives,52
2025-10-28 00:00:00+00:00,mailbox,231
2025-10-28 00:00:00+00:00,events,226
2025-10-29 00:00:00+00:00,intensives,56
2025-10-29 00:00:00+00:00,intensives,59
2025-10-30 00:00:00+00:00,intensives,66
2025-10-31 00:00:00+00:00,mailbox,229
2025-10-31 00:00:00+00:00,intensives,68
2025-10-31 00:00:00+00:00,intensives,72
2025-11-01 00:00:00+00:00,mailbox,228
2025-11-01 00:00:00+00:00,intensives,74
2025-11-02 00:00:00+00:00,mailbox,227
2025-11-02 00:00:00+00:00,events,252
2025-11-03 00:00:00+00:00,mailbox,226
2025-11-03 00:00:00+00:00,events,253
2025-11-04 00:00:00+00:00,intensives,77
2025-11-08 00:00:00+00:00,intensives,97
2025-11-08 00:00:00+00:00,mailbox,221
2025-11-08 00:00:00+00:00,intensives,99
2025-11-11 00:00:00+00:00,intensives,116
2025-11-11 00:00:00+00:00,intensives,117
2025-11-12 00:00:00+00:00,mailbox,219
2025-11-12 00:00:00+00:00,intensives,119
2025-11-13 00:00:00+00:00,intensives,120
2025-11-13 00:00:00+00:00,intensives,121
2025-11-14 00:00:00+00:00,mailbox,218
2025-11-14 00:00:00+00:00,intensives,123
2025-11-15 00:00:00+00:00,mailbox,216
2025-11-15 00:00:00+00:00,events,303
2025-11-16 00:00:00+00:00,intensives,129
2025-11-17 00:00:00+00:00,mailbox,215
2025-11-17 00:00:00+00:00,mailbox,214
2025-11-17 00:00:00+00:00,intensives,131
2025-11-17 00:00:00+00:00,intensives,133
2025-11-18 00:00:00+00:00,intensives,135
2025-11-18 00:00:00+00:00,intensives,141
2025-11-18 00:00:00+00:00,intensives,142
2025-11-19 00:00:00+00:00,intensives,144
2025-11-20 00:00:00+00:00,mailbox,211
2025-11-20 00:00:00+00:00,intensives,146
2025-11-20 00:00:00+00:00,intensives,148
2025-11-20 00:00:00+00:00,intensives,149
2025-11-21 00:00:00+00:00,mailbox,208
2025-11-21 00:00:00+00:00,intensives,151
2025-11-22 00:00:00+00:00,intensives,152
2025-11-23 00:00:00+00:00,events,335
2025-11-24 00:00:00+00:00,mailbox,207
2025-11-24 00:00:00+00:00,intensives,160
2025-11-24 00:00:00+00:00,intensives,162
2025-11-25 00:00:00+00:00,mailbox,206
2025-11-25 00:00:00+00:00,intensives,168
2025-11-28 00:00:00+00:00,intensives,188
2025-11-28 00:00:00+00:00,intensives,190
2025-11-29 00:00:00+00:00,intensives,192
2025-11-29 00:00:00+00:00,intensives,193
2025-11-30 00:00:00+00:00,intensives,195
2025-12-01 00:00:00+00:00,intensives,197
2025-12-01 00:00:00+00:00,events,359
2025-12-01 00:00:00+00:00,intensives,201
2025-12-02 00:00:00+00:00,intensives,203
2025-12-02 00:00:00+00:00,intensives,204
2025-12-03 00:00:00+00:00,mailbox,202
2025-12-03 00:00:00+00:00,intensives,206
2025-12-03 00:00:00+00:00,events,371
2025-12-04 00:00:00+00:00,intensives,215
2025-12-04 00:00:00+00:00,intensives,216
2025-12-04 00:00:00+00:00,events,376
2025-12-05 00:00:00+00:00,intensives,219
2025-12-05 00:00:00+00:00,mailbox,200
2025-12-05 00:00:00+00:00,intensives,221
2025-12-06 00:00:00+00:00,mailbox,199
2025-12-06 00:00:00+00:00,events,384
2025-12-07 00:00:00+00:00,intensives,226
2025-12-08 00:00:00+00:00,mailbox,197
2025-12-08 00:00:00+00:00,intensives,229
2025-12-09 00:00:00+00:00,intensives,230
2025-12-11 00:00:00+00:00,events,398
2025-12-11 00:00:00+00:00,intensives,234
2025-12-12 00:00:00+00:00,intensives,236
2025-12-12 00:00:00+00:00,mailbox,196
2025-12-12 00:00:00+00:00,intensives,243
2025-12-12 00:00:00+00:00,mailbox,195
2025-12-12 00:00:00+00:00,intensives,245
2025-12-13 00:00:00+00:00,events,414
2025-12-13 00:00:00+00:00,intensives,248
2025-12-13 00:00:00+00:00,intensives,250
2025-12-14 00:00:00+00:00,intensives,251
2025-12-15 00:00:00+00:00,mailbox,193
2025-12-15 00:00:00+00:00,mailbox,192
2025-12-15 00:00:00+00:00,intensives,253
2025-12-15 00:00:00+00:00,intensives,255
2025-12-15 00:00:00+00:00,intensives,257
2025-12-16 00:00:00+00:00,intensives,259
2025-12-16 00:00:00+00:00,intensives,260
2025-12-16 00:00:00+00:00,intensives,261
2025-12-16 00:00:00+00:00,intensives,262
2025-12-17 00:00:00+00:00,mailbox,190
2025-12-17 00:00:00+00:00,intensives,268
2025-12-17 00:00:00+00:00,intensives,270
2025-12-18 00:00:00+00:00,intensives,274
2025-12-18 00:00:00+00:00,intensives,275
2025-12-19 00:00:00+00:00,mailbox,189
2025-12-19 00:00:00+00:00,intensives,277
2025-12-19 00:00:00+00:00,mailbox,188
2025-12-19 00:00:00+00:00,intensives,279
2025-12-20 00:00:00+00:00,intensives,280
2025-12-20 00:00:00+00:00,intensives,282
2025-12-21 00:00:00+00:00,intensives,283
2025-12-22 00:00:00+00:00,intensives,294
2025-12-22 00:00:00+00:00,intensives,300
2025-12-23 00:00:00+00:00,intensives,301
2025-12-23 00:00:00+00:00,intensives,303
2025-12-23 00:00:00+00:00,intensives,305
2025-12-23 00:00:00+00:00,events,476
2025-12-24 00:00:00+00:00,intensives,309
2025-12-24 00:00:00+00:00,mailbox,185
2025-12-24 00:00:00+00:00,intensives,311
2025-12-24 00:00:00+00:00,events,480
2025-12-24 00:00:00+00:00,intensives,313
2025-12-24 00:00:00+00:00,intensives,315
2025-12-24 00:00:00+00:00,intensives,316
2025-12-24 00:00:00+00:00,intensives,317
2025-12-25 00:00:00+00:00,mailbox,183
2025-12-25 00:00:00+00:00,events,489
2025-12-25 00:00:00+00:00,intensives,321
2025-12-25 00:00:00+00:00,intensives,322
2025-12-26 00:00:00+00:00,intensives,332
2025-12-26 00:00:00+00:00,mailbox,181
2025-12-26 00:00:00+00:00,intensives,334
2025-12-26 00:00:00+00:00,intensives,335
2025-12-27 00:00:00+00:00,events,507
2025-12-27 00:00:00+00:00,intensives,344
2025-12-28 00:00:00+00:00,events,517
2025-12-28 00:00:00+00:00,events,518
2025-12-29 00:00:00+00:00,intensives,348
2025-12-29 00:00:00+00:00,intensives,349
2025-12-30 00:00:00+00:00,events,526
2026-01-01 00:00:00+00:00,intensives,353
2026-01-02 00:00:00+00:00,intensives,355
2026-01-02 00:00:00+00:00,intensives,357
2026-01-03 00:00:00+00:00,events,535
2026-01-03 00:00:00+00:00,mailbox,177
2026-01-03 00:00:00+00:00,events,536
2026-01-04 00:00:00+00:00,mailbox,176
2026-01-04 00:00:00+00:00,events,540
2026-01-05 00:00:00+00:00,mailbox,174
2026-01-05 00:00:00+00:00,intensives,365
2026-01-05 00:00:00+00:00,intensives,367
2026-01-05 00:00:00+00:00,mailbox,173
2026-01-05 00:00:00+00:00,intensives,369
2026-01-05 00:00:00+00:00,intensives,370
2026-01-06 00:00:00+00:00,intensives,371
2026-01-06 00:00:00+00:00,intensives,373
2026-01-06 00:00:00+00:00,intensives,378
2026-01-07 00:00:00+00:00,mailbox,171
2026-01-07 00:00:00+00:00,intensives,380
2026-01-07 00:00:00+00:00,events,563
2026-01-08 00:00:00+00:00,mailbox,170
2026-01-08 00:00:00+00:00,mailbox,169
2026-01-08 00:00:00+00:00,intensives,385
2026-01-08 00:00:00+00:00,intensives,386
2026-01-08 00:00:00+00:00,mailbox,168
2026-01-08 00:00:00+00:00,intensives,388
2026-01-08 00:00:00+00:00,intensives,389
2026-01-09 00:00:00+00:00,intensives,393
2026-01-09 00:00:00+00:00,intensives,402
2026-01-10 00:00:00+00:00,mailbox,166
2026-01-10 00:00:00+00:00,intensives,404
2026-01-10 00:00:00+00:00,intensives,405
2026-01-10 00:00:00+00:00,intensives,406
2026-01-11 00:00:00+00:00,mailbox,165
2026-01-11 00:00:00+00:00,events,584
2026-01-11 00:00:00+00:00,mailbox,164
2026-01-11 00:00:00+00:00,intensives,410
2026-01-11 00:00:00+00:00,events,587
2026-01-12 00:00:00+00:00,mailbox,163
2026-01-12 00:00:00+00:00,intensives,412
2026-01-12 00:00:00+00:00,intensives,413
2026-01-12 00:00:00+00:00,intensives,414
2026-01-12 00:00:00+00:00,intensives,415
2026-01-12 00:00:00+00:00,events,593
2026-01-13 00:00:00+00:00,intensives,419
2026-01-13 00:00:00+00:00,events,596
2026-01-13 00:00:00+00:00,mailbox,162
2026-01-13 00:00:00+00:00,intensives,422
2026-01-13 00:00:00+00:00,intensives,426
2026-01-14 00:00:00+00:00,mailbox,161
2026-01-14 00:00:00+00:00,intensives,427
2026-01-14 00:00:00+00:00,intensives,428
2026-01-14 00:00:00+00:00,intensives,429
2026-01-14 00:00:00+00:00,intensives,430
2026-01-14 00:00:00+00:00,intensives,434
2026-01-15 00:00:00+00:00,events,614
2026-01-15 00:00:00+00:00,events,615
2026-01-15 00:00:00+00:00,events,619
2026-01-15 00:00:00+00:00,intensives,444
2026-01-15 00:00:00+00:00,intensives,445
2026-01-15 00:00:00+00:00,intensives,447
2026-01-16 00:00:00+00:00,mailbox,160
2026-01-16 00:00:00+00:00,events,625
2026-01-16 00:00:00+00:00,events,627
2026-01-16 00:00:00+00:00,intensives,453
2026-01-17 00:00:00+00:00,mailbox,158
2026-01-17 00:00:00+00:00,intensives,455
2026-01-17 00:00:00+00:00,intensives,457
2026-01-17 00:00:00+00:00,events,635
2026-01-17 00:00:00+00:00,events,636
2026-01-18 00:00:00+00:00,mailbox,157
2026-01-18 00:00:00+00:00,intensives,462
2026-01-18 00:00:00+00:00,events,639
2026-01-18 00:00:00+00:00,intensives,464
2026-01-18 00:00:00+00:00,intensives,465
2026-01-19 00:00:00+00:00,mailbox,156
2026-01-19 00:00:00+00:00,intensives,467
2026-01-19 00:00:00+00:00,events,644
2026-01-19 00:00:00+00:00,events,645
2026-01-19 00:00:00+00:00,mailbox,155
2026-01-19 00:00:00+00:00,events,646
2026-01-19 00:00:00+00:00,intensives,471
2026-01-20 00:00:00+00:00,intensives,472
2026-01-20 00:00:00+00:00,intensives,473
2026-01-20 00:00:00+00:00,intensives,475
2026-01-20 00:00:00+00:00,intensives,477
2026-01-21 00:00:00+00:00,mailbox,154
2026-01-21 00:00:00+00:00,intensives,479
2026-01-21 00:00:00+00:00,mailbox,153
2026-01-21 00:00:00+00:00,intensives,480
2026-01-21 00:00:00+00:00,intensives,482
2026-01-21 00:00:00+00:00,intensives,483
2026-01-21 00:00:00+00:00,intensives,485
2026-01-21 00:00:00+00:00,intensives,486
2026-01-22 00:00:00+00:00,intensives,489
2026-01-22 00:00:00+00:00,intensives,490
2026-01-22 00:00:00+00:00,intensives,495
2026-01-22 00:00:00+00:00,intensives,501
2026-01-23 00:00:00+00:00,intensives,503
2026-01-23 00:00:00+00:00,intensives,505
2026-01-23 00:00:00+00:00,intensives,507
2026-01-24 00:00:00+00:00,intensives,509
2026-01-24 00:00:00+00:00,mailbox,151
2026-01-24 00:00:00+00:00,intensives,511
2026-01-24 00:00:00+00:00,intensives,513
2026-01-24 00:00:00+00:00,intensives,514
2026-01-25 00:00:00+00:00,intensives,517
2026-01-25 00:00:00+00:00,intensives,518
2026-01-25 00:00:00+00:00,events,696
2026-01-26 00:00:00+00:00,intensives,522
2026-01-26 00:00:00+00:00,intensives,523
2026-01-26 00:00:00+00:00,intensives,525
2026-01-27 00:00:00+00:00,events,703
2026-01-27 00:00:00+00:00,intensives,529
2026-01-28 00:00:00+00:00,intensives,530
2026-01-28 00:00:00+00:00,intensives,532
2026-01-28 00:00:00+00:00,mailbox,149
2026-01-28 00:00:00+00:00,events,710
2026-01-28 00:00:00+00:00,intensives,541
2026-01-29 00:00:00+00:00,mailbox,148
2026-01-29 00:00:00+00:00,events,718
2026-01-29 00:00:00+00:00,intensives,544
2026-01-29 00:00:00+00:00,intensives,545
2026-01-29 00:00:00+00:00,events,722
2026-01-29 00:00:00+00:00,intensives,547
2026-01-30 00:00:00+00:00,events,724
2026-01-30 00:00:00+00:00,mailbox,146
2026-01-30 00:00:00+00:00,events,727
2026-01-31 00:00:00+00:00,intensives,554
2026-01-31 00:00:00+00:00,intensives,555
2026-01-31 00:00:00+00:00,intensives,560
2026-02-01 00:00:00+00:00,events,740
2026-02-02 00:00:00+00:00,intensives,564
2026-02-02 00:00:00+00:00,events,742
2026-02-02 00:00:00+00:00,mailbox,144
2026-02-02 00:00:00+00:00,intensives,565
2026-02-02 00:00:00+00:00,events,744
2026-02-03 00:00:00+00:00,intensives,568
2026-02-03 00:00:00+00:00,intensives,570
2026-02-03 00:00:00+00:00,intensives,571
2026-02-04 00:00:00+00:00,mailbox,142
2026-02-04 00:00:00+00:00,mailbox,141
2026-02-04 00:00:00+00:00,intensives,572
2026-02-04 00:00:00+00:00,intensives,573
2026-02-04 00:00:00+00:00,intensives,574
2026-02-04 00:00:00+00:00,intensives,575
2026-02-04 00:00:00+00:00,intensives,577
2026-02-04 00:00:00+00:00,intensives,579
2026-02-04 00:00:00+00:00,intensives,581
2026-02-05 00:00:00+00:00,intensives,584
2026-02-05 00:00:00+00:00,intensives,585
2026-02-05 00:00:00+00:00,intensives,586
2026-02-06 00:00:00+00:00,intensives,587
2026-02-06 00:00:00+00:00,intensives,588
2026-02-06 00:00:00+00:00,events,774
2026-02-07 00:00:00+00:00,mailbox,139
2026-02-07 00:00:00+00:00,intensives,597
2026-02-07 00:00:00+00:00,intensives,598
2026-02-07 00:00:00+00:00,intensives,600
2026-02-07 00:00:00+00:00,intensives,601
2026-02-08 00:00:00+00:00,events,790
2026-02-09 00:00:00+00:00,intensives,605
2026-02-09 00:00:00+00:00,intensives,606
2026-02-09 00:00:00+00:00,intensives,609
2026-02-10 00:00:00+00:00,intensives,611
2026-02-10 00:00:00+00:00,intensives,614
2026-02-11 00:00:00+00:00,intensives,616
2026-02-11 00:00:00+00:00,intensives,617
2026-02-11 00:00:00+00:00,events,807
2026-02-11 00:00:00+00:00,events,808
2026-02-11 00:00:00+00:00,events,809
2026-02-12 00:00:00+00:00,mailbox,134
2026-02-12 00:00:00+00:00,intensives,628
2026-02-12 00:00:00+00:00,intensives,629
2026-02-13 00:00:00+00:00,intensives,631
2026-02-13 00:00:00+00:00,intensives,639
2026-02-14 00:00:00+00:00,mailbox,133
2026-02-14 00:00:00+00:00,intensives,648
2026-02-14 00:00:00+00:00,intensives,649
2026-02-15 00:00:00+00:00,mailbox,131
2026-02-15 00:00:00+00:00,intensives,651
2026-02-15 00:00:00+00:00,intensives,653
2026-02-15 00:00:00+00:00,intensives,654
2026-02-16 00:00:00+00:00,mailbox,130
2026-02-17 00:00:00+00:00,events,859
2026-02-17 00:00:00+00:00,intensives,670
2026-02-17 00:00:00+00:00,events,869
2026-02-17 00:00:00+00:00,mailbox,129
2026-02-18 00:00:00+00:00,mailbox,128
2026-02-18 00:00:00+00:00,intensives,673
2026-02-18 00:00:00+00:00,intensives,674
2026-02-18 00:00:00+00:00,mailbox,127
2026-02-18 00:00:00+00:00,intensives,676
2026-02-19 00:00:00+00:00,intensives,682
2026-02-19 00:00:00+00:00,intensives,684
2026-02-20 00:00:00+00:00,intensives,685
2026-02-20 00:00:00+00:00,intensives,686
2026-02-20 00:00:00+00:00,events,897
2026-02-20 00:00:00+00:00,intensives,688
2026-02-21 00:00:00+00:00,intensives,690
2026-02-21 00:00:00+00:00,intensives,691
2026-02-21 00:00:00+00:00,events,906
2026-02-21 00:00:00+00:00,intensives,694
2026-02-21 00:00:00+00:00,intensives,695
2026-02-21 00:00:00+00:00,intensives,696
2026-02-22 00:00:00+00:00,intensives,697
2026-02-22 00:00:00+00:00,intensives,699
2026-02-22 00:00:00+00:00,intensives,700
2026-02-22 00:00:00+00:00,intensives,706
2026-02-22 00:00:00+00:00,intensives,707
2026-02-23 00:00:00+00:00,intensives,711
2026-02-23 00:00:00+00:00,intensives,710
2026-02-23 00:00:00+00:00,intensives,712
2026-02-23 00:00:00+00:00,intensives,713
2026-02-24 00:00:00+00:00,mailbox,125
2026-02-24 00:00:00+00:00,events,933
2026-02-24 00:00:00+00:00,intensives,722
2026-02-25 00:00:00+00:00,intensives,725
2026-02-25 00:00:00+00:00,mailbox,124
2026-02-25 00:00:00+00:00,intensives,728
2026-02-25 00:00:00+00:00,intensives,729
2026-02-26 00:00:00+00:00,mailbox,123
2026-02-26 00:00:00+00:00,intensives,730
2026-02-26 00:00:00+00:00,intensives,731
2026-02-26 00:00:00+00:00,intensives,732
2026-02-26 00:00:00+00:00,mailbox,122
2026-02-26 00:00:00+00:00,intensives,737
2026-02-26 00:00:00+00:00,intensives,738
2026-02-27 00:00:00+00:00,intensives,740
2026-02-27 00:00:00+00:00,intensives,741
2026-02-27 00:00:00+00:00,intensives,742
2026-02-27 00:00:00+00:00,intensives,746
2026-02-28 00:00:00+00:00,intensives,747
2026-02-28 00:00:00+00:00,intensives,749
2026-03-01 00:00:00+00:00,intensives,751
2026-03-01 00:00:00+00:00,events,979
2026-03-02 00:00:00+00:00,intensives,753
2026-03-02 00:00:00+00:00,intensives,754
2026-03-02 00:00:00+00:00,intensives,755
2026-03-02 00:00:00+00:00,mailbox,120
2026-03-02 00:00:00+00:00,intensives,756
2026-03-03 00:00:00+00:00,mailbox,119
2026-03-03 00:00:00+00:00,events,985
2026-03-03 00:00:00+00:00,intensives,760
2026-03-03 00:00:00+00:00,events,988
2026-03-03 00:00:00+00:00,mailbox,118
2026-03-03 00:00:00+00:00,intensives,763
2026-03-03 00:00:00+00:00,intensives,764
2026-03-03 00:00:00+00:00,intensives,765
2026-03-04 00:00:00+00:00,intensives,766
2026-03-04 00:00:00+00:00,intensives,767
2026-03-04 00:00:00+00:00,mailbox,116
2026-03-04 00:00:00+00:00,intensives,769
2026-03-04 00:00:00+00:00,intensives,770
2026-03-05 00:00:00+00:00,mailbox,115
2026-03-05 00:00:00+00:00,events,1002
2026-03-05 00:00:00+00:00,mailbox,114
2026-03-05 00:00:00+00:00,intensives,775
2026-03-05 00:00:00+00:00,intensives,777
2026-03-05 00:00:00+00:00,intensives,778
2026-03-05 00:00:00+00:00,intensives,780
2026-03-05 00:00:00+00:00,intensives,782
2026-03-06 00:00:00+00:00,events,1013
2026-03-06 00:00:00+00:00,intensives,786
2026-03-06 00:00:00+00:00,mailbox,113
2026-03-06 00:00:00+00:00,intensives,787
2026-03-06 00:00:00+00:00,intensives,788
2026-03-07 00:00:00+00:00,intensives,789
2026-03-07 00:00:00+00:00,intensives,790
2026-03-07 00:00:00+00:00,intensives,792
2026-03-07 00:00:00+00:00,intensives,791
2026-03-07 00:00:00+00:00,intensives,793
2026-03-08 00:00:00+00:00,events,1030
2026-03-08 00:00:00+00:00,events,1031
2026-03-08 00:00:00+00:00,intensives,802
2026-03-09 00:00:00+00:00,intensives,804
2026-03-09 00:00:00+00:00,intensives,805
2026-03-09 00:00:00+00:00,mailbox,111
2026-03-09 00:00:00+00:00,mailbox,110
2026-03-09 00:00:00+00:00,intensives,807
2026-03-09 00:00:00+00:00,intensives,808
2026-03-09 00:00:00+00:00,mailbox,109
2026-03-09 00:00:00+00:00,events,1040
2026-03-09 00:00:00+00:00,intensives,812
2026-03-10 00:00:00+00:00,mailbox,108
2026-03-10 00:00:00+00:00,mailbox,107
2026-03-10 00:00:00+00:00,intensives,814
2026-03-10 00:00:00+00:00,intensives,820
2026-03-10 00:00:00+00:00,intensives,821
2026-03-11 00:00:00+00:00,intensives,825
2026-03-11 00:00:00+00:00,events,1062
2026-03-11 00:00:00+00:00,mailbox,104
2026-03-11 00:00:00+00:00,intensives,834
2026-03-11 00:00:00+00:00,intensives,835
2026-03-11 00:00:00+00:00,intensives,836
2026-03-12 00:00:00+00:00,mailbox,103
2026-03-12 00:00:00+00:00,intensives,845
2026-03-12 00:00:00+00:00,intensives,847
2026-03-12 00:00:00+00:00,intensives,848
2026-03-12 00:00:00+00:00,intensives,849
2026-03-12 00:00:00+00:00,intensives,850
2026-03-12 00:00:00+00:00,intensives,851
2026-03-12 00:00:00+00:00,events,1078
2026-03-13 00:00:00+00:00,mailbox,102
2026-03-13 00:00:00+00:00,intensives,853
2026-03-13 00:00:00+00:00,intensives,855
2026-03-13 00:00:00+00:00,mailbox,101
2026-03-13 00:00:00+00:00,intensives,856
2026-03-13 00:00:00+00:00,intensives,858
2026-03-14 00:00:00+00:00,intensives,861
2026-03-14 00:00:00+00:00,mailbox,99
2026-03-14 00:00:00+00:00,intensives,868
2026-03-14 00:00:00+00:00,mailbox,98
2026-03-14 00:00:00+00:00,intensives,871
2026-03-14 00:00:00+00:00,intensives,872
2026-03-15 00:00:00+00:00,mailbox,97
2026-03-15 00:00:00+00:00,intensives,873
2026-03-15 00:00:00+00:00,intensives,874
2026-03-15 00:00:00+00:00,events,1102
2026-03-15 00:00:00+00:00,intensives,877
2026-03-15 00:00:00+00:00,intensives,878
2026-03-16 00:00:00+00:00,intensives,879
2026-03-16 00:00:00+00:00,mailbox,96
2026-03-16 00:00:00+00:00,intensives,881
2026-03-16 00:00:00+00:00,mailbox,95
2026-03-16 00:00:00+00:00,intensives,882
2026-03-16 00:00:00+00:00,intensives,883
2026-03-16 00:00:00+00:00,intensives,884
2026-03-16 00:00:00+00:00,intensives,885
2026-03-17 00:00:00+00:00,mailbox,94
2026-03-17 00:00:00+00:00,intensives,886
2026-03-17 00:00:00+00:00,mailbox,93
2026-03-17 00:00:00+00:00,intensives,888
2026-03-17 00:00:00+00:00,intensives,889
2026-03-17 00:00:00+00:00,intensives,890
2026-03-17 00:00:00+00:00,intensives,891
2026-03-18 00:00:00+00:00,intensives,892
2026-03-18 00:00:00+00:00,intensives,893
2026-03-18 00:00:00+00:00,events,1121
2026-03-18 00:00:00+00:00,intensives,895
2026-03-19 00:00:00+00:00,intensives,907
2026-03-19 00:00:00+00:00,intensives,908
2026-03-19 00:00:00+00:00,events,1132
2026-03-19 00:00:00+00:00,mailbox,87
2026-03-19 00:00:00+00:00,intensives,909
2026-03-19 00:00:00+00:00,intensives,911
2026-03-20 00:00:00+00:00,mailbox,86
2026-03-20 00:00:00+00:00,intensives,912
2026-03-20 00:00:00+00:00,intensives,913
2026-03-20 00:00:00+00:00,mailbox,85
2026-03-20 00:00:00+00:00,events,1138
2026-03-20 00:00:00+00:00,intensives,918
2026-03-21 00:00:00+00:00,intensives,919
2026-03-21 00:00:00+00:00,mailbox,84
2026-03-21 00:00:00+00:00,intensives,920
2026-03-22 00:00:00+00:00,intensives,921
2026-03-23 00:00:00+00:00,intensives,922
2026-03-23 00:00:00+00:00,intensives,923
2026-03-23 00:00:00+00:00,mailbox,82
2026-03-23 00:00:00+00:00,intensives,925
2026-03-24 00:00:00+00:00,mailbox,81
2026-03-24 00:00:00+00:00,mailbox,80
2026-03-24 00:00:00+00:00,intensives,926
2026-03-24 00:00:00+00:00,events,1154
2026-03-24 00:00:00+00:00,events,1155
2026-03-24 00:00:00+00:00,intensives,929
2026-03-24 00:00:00+00:00,intensives,930
2026-03-24 00:00:00+00:00,mailbox,79
2026-03-25 00:00:00+00:00,mailbox,78
2026-03-25 00:00:00+00:00,events,1161
2026-03-25 00:00:00+00:00,events,1162
2026-03-25 00:00:00+00:00,intensives,940
2026-03-25 00:00:00+00:00,events,1164
2026-03-25 00:00:00+00:00,intensives,948
2026-03-25 00:00:00+00:00,intensives,949
2026-03-26 00:00:00+00:00,mailbox,77
2026-03-26 00:00:00+00:00,mailbox,76
2026-03-26 00:00:00+00:00,events,1174
2026-03-26 00:00:00+00:00,intensives,957
2026-03-26 00:00:00+00:00,events,1182
2026-03-26 00:00:00+00:00,intensives,959
2026-03-26 00:00:00+00:00,intensives,962
2026-03-26 00:00:00+00:00,intensives,963
2026-03-27 00:00:00+00:00,mailbox,74
2026-03-27 00:00:00+00:00,intensives,965
2026-03-27 00:00:00+00:00,intensives,966
2026-03-27 00:00:00+00:00,intensives,967
2026-03-27 00:00:00+00:00,intensives,968
2026-03-28 00:00:00+00:00,mailbox,73
2026-03-28 00:00:00+00:00,intensives,970
2026-03-28 00:00:00+00:00,intensives,971
2026-03-28 00:00:00+00:00,intensives,972
2026-03-28 00:00:00+00:00,intensives,973
2026-03-29 00:00:00+00:00,intensives,974
2026-03-29 00:00:00+00:00,mailbox,72
2026-03-29 00:00:00+00:00,intensives,976
2026-03-29 00:00:00+00:00,intensives,977
2026-03-29 00:00:00+00:00,intensives,983
2026-03-30 00:00:00+00:00,mailbox,71
2026-03-30 00:00:00+00:00,intensives,984
2026-03-30 00:00:00+00:00,intensives,985
2026-03-30 00:00:00+00:00,mailbox,70
2026-03-30 00:00:00+00:00,mailbox,69
2026-03-30 00:00:00+00:00,intensives,986
2026-03-30 00:00:00+00:00,intensives,988
2026-03-31 00:00:00+00:00,intensives,997
2026-03-31 00:00:00+00:00,intensives,998
2026-03-31 00:00:00+00:00,intensives,999
2026-03-31 00:00:00+00:00,intensives,1000
2026-03-31 00:00:00+00:00,mailbox,66
2026-04-01 00:00:00+00:00,mailbox,65
2026-04-01 00:00:00+00:00,events,1234
2026-04-01 00:00:00+00:00,intensives,1004
2026-04-01 00:00:00+00:00,intensives,1005
2026-04-01 00:00:00+00:00,intensives,1006
2026-04-02 00:00:00+00:00,mailbox,64
2026-04-02 00:00:00+00:00,intensives,1007
2026-04-02 00:00:00+00:00,intensives,1008
2026-04-02 00:00:00+00:00,intensives,1009
2026-04-02 00:00:00+00:00,intensives,1010
2026-04-03 00:00:00+00:00,mailbox,62
2026-04-03 00:00:00+00:00,intensives,1011
2026-04-03 00:00:00+00:00,intensives,1012
2026-04-03 00:00:00+00:00,mailbox,61
2026-04-03 00:00:00+00:00,events,1244
2026-04-03 00:00:00+00:00,intensives,1014
2026-04-04 00:00:00+00:00,intensives,1016
2026-04-04 00:00:00+00:00,intensives,1017
2026-04-04 00:00:00+00:00,intensives,1018
2026-04-05 00:00:00+00:00,intensives,1019
2026-04-05 00:00:00+00:00,intensives,1020
2026-04-05 00:00:00+00:00,intensives,1021
2026-04-06 00:00:00+00:00,intensives,1022
2026-04-06 00:00:00+00:00,events,1256
2026-04-06 00:00:00+00:00,mailbox,60
2026-04-06 00:00:00+00:00,intensives,1024
2026-04-06 00:00:00+00:00,intensives,1025
2026-04-07 00:00:00+00:00,mailbox,59
2026-04-07 00:00:00+00:00,intensives,1026
2026-04-07 00:00:00+00:00,intensives,1027
2026-04-07 00:00:00+00:00,intensives,1028
2026-04-07 00:00:00+00:00,intensives,1029
2026-04-07 00:00:00+00:00,intensives,1030
2026-04-08 00:00:00+00:00,mailbox,57
2026-04-08 00:00:00+00:00,mailbox,56
2026-04-08 00:00:00+00:00,events,1275
2026-04-08 00:00:00+00:00,events,1277
2026-04-08 00:00:00+00:00,mailbox,55
2026-04-08 00:00:00+00:00,intensives,1035
2026-04-08 00:00:00+00:00,intensives,1037
2026-04-08 00:00:00+00:00,intensives,1038
2026-04-09 00:00:00+00:00,intensives,1039
2026-04-09 00:00:00+00:00,events,1286
2026-04-09 00:00:00+00:00,intensives,1042
2026-04-09 00:00:00+00:00,intensives,1043
2026-04-10 00:00:00+00:00,mailbox,52
2026-04-10 00:00:00+00:00,intensives,1044
2026-04-10 00:00:00+00:00,intensives,1052
2026-04-10 00:00:00+00:00,mailbox,51
2026-04-10 00:00:00+00:00,intensives,1058
2026-04-10 00:00:00+00:00,intensives,1059
2026-04-11 00:00:00+00:00,mailbox,50
2026-04-11 00:00:00+00:00,mailbox,49
2026-04-11 00:00:00+00:00,events,1308
2026-04-11 00:00:00+00:00,events,1309
2026-04-11 00:00:00+00:00,events,1310
2026-04-11 00:00:00+00:00,mailbox,48
2026-04-11 00:00:00+00:00,events,1311
2026-04-11 00:00:00+00:00,events,1312
2026-04-11 00:00:00+00:00,events,1313
2026-04-12 00:00:00+00:00,mailbox,47
2026-04-12 00:00:00+00:00,intensives,1068
2026-04-12 00:00:00+00:00,intensives,1069
2026-04-12 00:00:00+00:00,intensives,1070
2026-04-12 00:00:00+00:00,mailbox,46
2026-04-12 00:00:00+00:00,events,1318
2026-04-12 00:00:00+00:00,intensives,1072
2026-04-13 00:00:00+00:00,mailbox,45
2026-04-13 00:00:00+00:00,intensives,1073
2026-04-13 00:00:00+00:00,intensives,1075
2026-04-13 00:00:00+00:00,intensives,1076
2026-04-13 00:00:00+00:00,intensives,1077
2026-04-13 00:00:00+00:00,intensives,1078
2026-04-14 00:00:00+00:00,mailbox,43
2026-04-14 00:00:00+00:00,mailbox,42
2026-04-14 00:00:00+00:00,events,1331
2026-04-14 00:00:00+00:00,intensives,1082
2026-04-14 00:00:00+00:00,intensives,1083
2026-04-14 00:00:00+00:00,intensives,1084
2026-04-15 00:00:00+00:00,mailbox,41
2026-04-15 00:00:00+00:00,mailbox,40
2026-04-15 00:00:00+00:00,intensives,1086
2026-04-15 00:00:00+00:00,intensives,1087
2026-04-15 00:00:00+00:00,intensives,1088
2026-04-15 00:00:00+00:00,events,1342
2026-04-16 00:00:00+00:00,mailbox,39
2026-04-16 00:00:00+00:00,events,1345
2026-04-16 00:00:00+00:00,events,1346
2026-04-16 00:00:00+00:00,intensives,1093
2026-04-16 00:00:00+00:00,mailbox,38
2026-04-16 00:00:00+00:00,intensives,1094
2026-04-16 00:00:00+00:00,intensives,1095
2026-04-16 00:00:00+00:00,events,1350
2026-04-17 00:00:00+00:00,events,1351
2026-04-17 00:00:00+00:00,intensives,1098
2026-04-18 00:00:00+00:00,mailbox,34
2026-04-18 00:00:00+00:00,mailbox,33
2026-04-18 00:00:00+00:00,intensives,1108
2026-04-19 00:00:00+00:00,intensives,1109
2026-04-19 00:00:00+00:00,intensives,1111
2026-04-19 00:00:00+00:00,intensives,1110
2026-04-20 00:00:00+00:00,mailbox,31
2026-04-20 00:00:00+00:00,events,1374
2026-04-20 00:00:00+00:00,events,1375
2026-04-20 00:00:00+00:00,intensives,1114
2026-04-20 00:00:00+00:00,intensives,1115
2026-04-20 00:00:00+00:00,intensives,1116
2026-04-20 00:00:00+00:00,intensives,1117
2026-04-21 00:00:00+00:00,intensives,1120
2026-04-21 00:00:00+00:00,mailbox,29
2026-04-21 00:00:00+00:00,mailbox,28
2026-04-22 00:00:00+00:00,mailbox,27
2026-04-22 00:00:00+00:00,events,1394
2026-04-22 00:00:00+00:00,intensives,1129
2026-04-23 00:00:00+00:00,intensives,1131
2026-04-23 00:00:00+00:00,intensives,1130
2026-04-23 00:00:00+00:00,intensives,1134
2026-04-25 00:00:00+00:00,events,1421
2026-04-25 00:00:00+00:00,intensives,1149
2026-04-25 00:00:00+00:00,intensives,1150
2026-04-26 00:00:00+00:00,events,1428
2026-04-26 00:00:00+00:00,intensives,1155
2026-04-26 00:00:00+00:00,mailbox,16
2026-04-26 00:00:00+00:00,events,1430
2026-04-26 00:00:00+00:00,intensives,1159
2026-04-27 00:00:00+00:00,intensives,1161
2026-04-27 00:00:00+00:00,events,1435
2026-04-27 00:00:00+00:00,intensives,1162
2026-04-27 00:00:00+00:00,intensives,1164
2026-04-27 00:00:00+00:00,intensives,1165
2026-04-27 00:00:00+00:00,events,1439
2026-04-28 00:00:00+00:00,mailbox,12
2026-04-28 00:00:00+00:00,intensives,1169
2026-04-28 00:00:00+00:00,intensives,1170
2026-04-28 00:00:00+00:00,intensives,1171
2026-04-28 00:00:00+00:00,mailbox,11
2026-04-28 00:00:00+00:00,intensives,1172
2026-04-29 00:00:00+00:00,mailbox,10
2026-04-30 00:00:00+00:00,mailbox,7
2025-09-18 00:00:00+00:00,events,101
2025-09-19 00:00:00+00:00,events,102
2025-09-19 00:00:00+00:00,events,103
2025-09-21 00:00:00+00:00,events,107
2025-09-22 00:00:00+00:00,events,109
2025-09-23 00:00:00+00:00,events,115
2025-09-23 00:00:00+00:00,events,118
2025-09-24 00:00:00+00:00,events,122
2025-09-27 00:00:00+00:00,events,131
2025-09-29 00:00:00+00:00,events,133
2025-09-30 00:00:00+00:00,events,136
2025-10-01 00:00:00+00:00,events,139
2025-10-02 00:00:00+00:00,events,141
2025-10-02 00:00:00+00:00,events,143
2025-10-06 00:00:00+00:00,events,155
2025-10-06 00:00:00+00:00,events,157
2025-10-08 00:00:00+00:00,mailbox,246
2025-10-11 00:00:00+00:00,events,176
2025-10-13 00:00:00+00:00,events,179
2025-10-15 00:00:00+00:00,events,184
2025-10-15 00:00:00+00:00,events,185
2025-10-17 00:00:00+00:00,events,189
2025-10-17 00:00:00+00:00,events,193
2025-10-18 00:00:00+00:00,events,195
2025-10-20 00:00:00+00:00,intensives,23
2025-10-21 00:00:00+00:00,intensives,25
2025-10-22 00:00:00+00:00,events,205
2025-10-22 00:00:00+00:00,intensives,38
2025-10-22 00:00:00+00:00,events,208
2025-10-24 00:00:00+00:00,events,219
2025-10-24 00:00:00+00:00,events,221
2025-10-27 00:00:00+00:00,events,224
2025-10-28 00:00:00+00:00,intensives,54
2025-10-29 00:00:00+00:00,events,228
2025-10-29 00:00:00+00:00,events,232
2025-10-30 00:00:00+00:00,events,241
2025-10-31 00:00:00+00:00,events,243
2025-10-31 00:00:00+00:00,events,247
2025-11-01 00:00:00+00:00,events,251
2025-11-02 00:00:00+00:00,intensives,75
2025-11-03 00:00:00+00:00,intensives,76
2025-11-04 00:00:00+00:00,events,256
2025-11-08 00:00:00+00:00,events,273
2025-11-08 00:00:00+00:00,events,275
2025-11-11 00:00:00+00:00,events,279
2025-11-11 00:00:00+00:00,events,280
2025-11-12 00:00:00+00:00,events,285
2025-11-13 00:00:00+00:00,events,288
2025-11-13 00:00:00+00:00,events,289
2025-11-14 00:00:00+00:00,events,291
2025-11-14 00:00:00+00:00,events,298
2025-11-15 00:00:00+00:00,intensives,127
2025-11-16 00:00:00+00:00,events,305
2025-11-17 00:00:00+00:00,events,307
2025-11-17 00:00:00+00:00,events,309
2025-11-18 00:00:00+00:00,events,311
2025-11-18 00:00:00+00:00,events,317
2025-11-18 00:00:00+00:00,events,318
2025-11-19 00:00:00+00:00,events,320
2025-11-20 00:00:00+00:00,events,324
2025-11-20 00:00:00+00:00,events,326
2025-11-20 00:00:00+00:00,events,327
2025-11-21 00:00:00+00:00,events,332
2025-11-22 00:00:00+00:00,events,333
2025-11-23 00:00:00+00:00,intensives,154
2025-11-24 00:00:00+00:00,events,339
2025-11-24 00:00:00+00:00,events,337
2025-11-25 00:00:00+00:00,events,345
2025-11-28 00:00:00+00:00,events,348
2025-11-28 00:00:00+00:00,events,350
2025-11-29 00:00:00+00:00,events,352
2025-11-29 00:00:00+00:00,events,353
2025-11-30 00:00:00+00:00,events,355
2025-12-01 00:00:00+00:00,events,357
2025-12-01 00:00:00+00:00,intensives,199
2025-12-01 00:00:00+00:00,events,361
2025-12-02 00:00:00+00:00,events,363
2025-12-02 00:00:00+00:00,events,364
2025-12-03 00:00:00+00:00,events,366
2025-12-03 00:00:00+00:00,intensives,211
2025-12-04 00:00:00+00:00,events,374
2025-12-04 00:00:00+00:00,events,375
2025-12-04 00:00:00+00:00,intensives,217
2025-12-05 00:00:00+00:00,events,378
2025-12-05 00:00:00+00:00,events,380
2025-12-06 00:00:00+00:00,intensives,225
2025-12-07 00:00:00+00:00,events,385
2025-12-08 00:00:00+00:00,events,387
2025-12-09 00:00:00+00:00,events,388
2025-12-11 00:00:00+00:00,intensives,232
2025-12-11 00:00:00+00:00,events,400
2025-12-12 00:00:00+00:00,events,403
2025-12-12 00:00:00+00:00,events,410
2025-12-12 00:00:00+00:00,events,412
2025-12-13 00:00:00+00:00,intensives,247
2025-12-13 00:00:00+00:00,events,415
2025-12-13 00:00:00+00:00,events,417
2025-12-14 00:00:00+00:00,events,418
2025-12-15 00:00:00+00:00,events,422
2025-12-15 00:00:00+00:00,events,425
2025-12-15 00:00:00+00:00,events,420
2025-12-16 00:00:00+00:00,events,428
2025-12-16 00:00:00+00:00,events,429
2025-12-16 00:00:00+00:00,events,430
2025-12-16 00:00:00+00:00,events,431
2025-12-17 00:00:00+00:00,events,439
2025-12-17 00:00:00+00:00,events,437
2025-12-18 00:00:00+00:00,events,443
2025-12-18 00:00:00+00:00,events,444
2025-12-19 00:00:00+00:00,events,446
2025-12-19 00:00:00+00:00,events,448
2025-12-20 00:00:00+00:00,events,449
2025-12-20 00:00:00+00:00,events,451
2025-12-21 00:00:00+00:00,events,452
2025-12-22 00:00:00+00:00,events,463
2025-12-22 00:00:00+00:00,events,469
2025-12-23 00:00:00+00:00,events,470
2025-12-23 00:00:00+00:00,events,472
2025-12-23 00:00:00+00:00,events,474
2025-12-23 00:00:00+00:00,intensives,307
2025-12-24 00:00:00+00:00,events,478
2025-12-24 00:00:00+00:00,events,482
2025-12-24 00:00:00+00:00,mailbox,184
2025-12-24 00:00:00+00:00,events,484
2025-12-24 00:00:00+00:00,events,485
2025-12-24 00:00:00+00:00,events,486
2025-12-25 00:00:00+00:00,intensives,319
2025-12-25 00:00:00+00:00,events,491
2025-12-25 00:00:00+00:00,events,492
2025-12-26 00:00:00+00:00,events,502
2025-12-26 00:00:00+00:00,events,504
2025-12-26 00:00:00+00:00,events,505
2025-12-27 00:00:00+00:00,intensives,337
2025-12-27 00:00:00+00:00,events,514
2025-12-28 00:00:00+00:00,intensives,345
2025-12-28 00:00:00+00:00,intensives,346
2025-12-29 00:00:00+00:00,events,523
2025-12-29 00:00:00+00:00,events,524
2025-12-30 00:00:00+00:00,intensives,351
2026-01-01 00:00:00+00:00,events,528
2026-01-02 00:00:00+00:00,events,530
2026-01-02 00:00:00+00:00,events,532
2026-01-03 00:00:00+00:00,intensives,360
2026-01-03 00:00:00+00:00,intensives,361
2026-01-04 00:00:00+00:00,events,538
2026-01-04 00:00:00+00:00,intensives,363
2026-01-05 00:00:00+00:00,events,544
2026-01-05 00:00:00+00:00,events,542
2026-01-05 00:00:00+00:00,events,546
2026-01-05 00:00:00+00:00,events,547
2026-01-06 00:00:00+00:00,events,548
2026-01-06 00:00:00+00:00,events,550
2026-01-06 00:00:00+00:00,events,556
2026-01-07 00:00:00+00:00,events,560
2026-01-07 00:00:00+00:00,intensives,383
2026-01-08 00:00:00+00:00,events,565
2026-01-08 00:00:00+00:00,events,568
2026-01-08 00:00:00+00:00,events,566
2026-01-08 00:00:00+00:00,events,569
2026-01-09 00:00:00+00:00,events,573
2026-01-09 00:00:00+00:00,events,578
2026-01-10 00:00:00+00:00,events,580
2026-01-10 00:00:00+00:00,events,581
2026-01-10 00:00:00+00:00,events,582
2026-01-11 00:00:00+00:00,intensives,408
2026-01-11 00:00:00+00:00,events,586
2026-01-11 00:00:00+00:00,intensives,411
2026-01-12 00:00:00+00:00,events,589
2026-01-12 00:00:00+00:00,events,588
2026-01-12 00:00:00+00:00,events,590
2026-01-12 00:00:00+00:00,events,591
2026-01-12 00:00:00+00:00,intensives,417
2026-01-13 00:00:00+00:00,events,595
2026-01-13 00:00:00+00:00,intensives,420
2026-01-13 00:00:00+00:00,events,598
2026-01-13 00:00:00+00:00,events,602
2026-01-14 00:00:00+00:00,events,603
2026-01-14 00:00:00+00:00,events,604
2026-01-14 00:00:00+00:00,events,605
2026-01-14 00:00:00+00:00,events,606
2026-01-14 00:00:00+00:00,events,610
2026-01-15 00:00:00+00:00,intensives,438
2026-01-15 00:00:00+00:00,intensives,439
2026-01-15 00:00:00+00:00,intensives,443
2026-01-15 00:00:00+00:00,events,620
2026-01-15 00:00:00+00:00,events,621
2026-01-15 00:00:00+00:00,events,623
2026-01-16 00:00:00+00:00,intensives,449
2026-01-16 00:00:00+00:00,intensives,451
2026-01-16 00:00:00+00:00,events,629
2026-01-17 00:00:00+00:00,events,631
2026-01-17 00:00:00+00:00,events,633
2026-01-17 00:00:00+00:00,intensives,459
2026-01-17 00:00:00+00:00,intensives,460
2026-01-18 00:00:00+00:00,events,638
2026-01-18 00:00:00+00:00,intensives,463
2026-01-18 00:00:00+00:00,events,640
2026-01-18 00:00:00+00:00,events,641
2026-01-19 00:00:00+00:00,events,643
2026-01-19 00:00:00+00:00,intensives,468
2026-01-19 00:00:00+00:00,intensives,469
2026-01-19 00:00:00+00:00,events,647
2026-01-19 00:00:00+00:00,intensives,470
2026-01-20 00:00:00+00:00,events,648
2026-01-20 00:00:00+00:00,events,649
2026-01-20 00:00:00+00:00,events,651
2026-01-20 00:00:00+00:00,events,653
2026-01-21 00:00:00+00:00,events,656
2026-01-21 00:00:00+00:00,events,660
2026-01-21 00:00:00+00:00,events,659
2026-01-21 00:00:00+00:00,events,657
2026-01-21 00:00:00+00:00,events,662
2026-01-21 00:00:00+00:00,events,663
2026-01-22 00:00:00+00:00,events,665
2026-01-22 00:00:00+00:00,events,666
2026-01-22 00:00:00+00:00,events,671
2026-01-22 00:00:00+00:00,events,677
2026-01-23 00:00:00+00:00,events,679
2026-01-23 00:00:00+00:00,events,681
2026-01-23 00:00:00+00:00,events,683
2026-01-24 00:00:00+00:00,events,685
2026-01-24 00:00:00+00:00,events,687
2026-01-24 00:00:00+00:00,events,689
2026-01-24 00:00:00+00:00,events,690
2026-01-25 00:00:00+00:00,events,693
2026-01-25 00:00:00+00:00,events,694
2026-01-25 00:00:00+00:00,intensives,520
2026-01-26 00:00:00+00:00,events,698
2026-01-26 00:00:00+00:00,events,699
2026-01-26 00:00:00+00:00,events,701
2026-01-27 00:00:00+00:00,intensives,527
2026-01-27 00:00:00+00:00,events,705
2026-01-28 00:00:00+00:00,events,706
2026-01-28 00:00:00+00:00,events,708
2026-01-28 00:00:00+00:00,intensives,534
2026-01-28 00:00:00+00:00,events,717
2026-01-29 00:00:00+00:00,intensives,542
2026-01-29 00:00:00+00:00,events,720
2026-01-29 00:00:00+00:00,events,721
2026-01-29 00:00:00+00:00,intensives,546
2026-01-29 00:00:00+00:00,events,723
2026-01-30 00:00:00+00:00,intensives,548
2026-01-30 00:00:00+00:00,intensives,551
2026-01-31 00:00:00+00:00,events,730
2026-01-31 00:00:00+00:00,events,731
2026-01-31 00:00:00+00:00,events,736
2026-02-01 00:00:00+00:00,intensives,562
2026-02-02 00:00:00+00:00,mailbox,145
2026-02-02 00:00:00+00:00,intensives,566
2026-02-02 00:00:00+00:00,events,743
2026-02-03 00:00:00+00:00,events,746
2026-02-03 00:00:00+00:00,events,748
2026-02-03 00:00:00+00:00,events,751
2026-02-04 00:00:00+00:00,events,752
2026-02-04 00:00:00+00:00,events,754
2026-02-04 00:00:00+00:00,events,753
2026-02-04 00:00:00+00:00,events,755
2026-02-04 00:00:00+00:00,events,757
2026-02-04 00:00:00+00:00,events,759
2026-02-04 00:00:00+00:00,events,761
2026-02-05 00:00:00+00:00,events,764
2026-02-05 00:00:00+00:00,events,765
2026-02-05 00:00:00+00:00,events,766
2026-02-06 00:00:00+00:00,events,767
2026-02-06 00:00:00+00:00,events,772
2026-02-06 00:00:00+00:00,intensives,590
2026-02-07 00:00:00+00:00,events,785
2026-02-07 00:00:00+00:00,events,782
2026-02-07 00:00:00+00:00,events,783
2026-02-07 00:00:00+00:00,events,787
2026-02-07 00:00:00+00:00,events,788
2026-02-08 00:00:00+00:00,intensives,603
2026-02-09 00:00:00+00:00,events,792
2026-02-09 00:00:00+00:00,events,793
2026-02-09 00:00:00+00:00,events,796
2026-02-10 00:00:00+00:00,events,799
2026-02-10 00:00:00+00:00,events,802
2026-02-11 00:00:00+00:00,events,805
2026-02-11 00:00:00+00:00,events,806
2026-02-11 00:00:00+00:00,intensives,618
2026-02-11 00:00:00+00:00,intensives,619
2026-02-11 00:00:00+00:00,intensives,620
2026-02-12 00:00:00+00:00,events,818
2026-02-12 00:00:00+00:00,events,819
2026-02-13 00:00:00+00:00,events,821
2026-02-13 00:00:00+00:00,events,829
2026-02-14 00:00:00+00:00,events,840
2026-02-14 00:00:00+00:00,events,841
2026-02-15 00:00:00+00:00,events,843
2026-02-15 00:00:00+00:00,events,845
2026-02-15 00:00:00+00:00,events,846
2026-02-16 00:00:00+00:00,events,849
2026-02-17 00:00:00+00:00,intensives,664
2026-02-17 00:00:00+00:00,events,865
2026-02-17 00:00:00+00:00,intensives,672
2026-02-17 00:00:00+00:00,events,871
2026-02-18 00:00:00+00:00,events,874
2026-02-18 00:00:00+00:00,events,872
2026-02-18 00:00:00+00:00,events,873
2026-02-18 00:00:00+00:00,events,878
2026-02-19 00:00:00+00:00,events,887
2026-02-19 00:00:00+00:00,events,890
2026-02-20 00:00:00+00:00,events,895
2026-02-20 00:00:00+00:00,events,896
2026-02-20 00:00:00+00:00,intensives,687
2026-02-20 00:00:00+00:00,events,901
2026-02-21 00:00:00+00:00,events,903
2026-02-21 00:00:00+00:00,events,904
2026-02-21 00:00:00+00:00,intensives,693
2026-02-21 00:00:00+00:00,events,907
2026-02-21 00:00:00+00:00,events,908
2026-02-21 00:00:00+00:00,events,909
2026-02-22 00:00:00+00:00,events,911
2026-02-22 00:00:00+00:00,events,913
2026-02-22 00:00:00+00:00,events,914
2026-02-22 00:00:00+00:00,events,920
2026-02-22 00:00:00+00:00,events,921
2026-02-23 00:00:00+00:00,events,927
2026-02-23 00:00:00+00:00,events,926
2026-02-23 00:00:00+00:00,events,928
2026-02-23 00:00:00+00:00,events,929
2026-02-24 00:00:00+00:00,intensives,716
2026-02-24 00:00:00+00:00,events,939
2026-02-25 00:00:00+00:00,events,944
2026-02-25 00:00:00+00:00,events,949
2026-02-25 00:00:00+00:00,events,950
2026-02-26 00:00:00+00:00,events,959
2026-02-26 00:00:00+00:00,events,951
2026-02-26 00:00:00+00:00,events,952
2026-02-26 00:00:00+00:00,events,953
2026-02-26 00:00:00+00:00,events,961
2026-02-26 00:00:00+00:00,events,958
2026-02-27 00:00:00+00:00,events,964
2026-02-27 00:00:00+00:00,events,965
2026-02-27 00:00:00+00:00,events,966
2026-02-27 00:00:00+00:00,events,970
2026-02-28 00:00:00+00:00,events,971
2026-02-28 00:00:00+00:00,events,973
2026-03-01 00:00:00+00:00,events,978
2026-03-01 00:00:00+00:00,intensives,752
2026-03-02 00:00:00+00:00,events,980
2026-03-02 00:00:00+00:00,events,981
2026-03-02 00:00:00+00:00,events,982
2026-03-02 00:00:00+00:00,events,983
2026-03-03 00:00:00+00:00,intensives,758
2026-03-03 00:00:00+00:00,events,987
2026-03-03 00:00:00+00:00,intensives,761
2026-03-03 00:00:00+00:00,events,992
2026-03-03 00:00:00+00:00,events,990
2026-03-03 00:00:00+00:00,events,991
2026-03-04 00:00:00+00:00,events,994
2026-03-04 00:00:00+00:00,events,995
2026-03-04 00:00:00+00:00,events,997
2026-03-04 00:00:00+00:00,events,999
2026-03-04 00:00:00+00:00,events,1000
2026-03-05 00:00:00+00:00,intensives,772
2026-03-05 00:00:00+00:00,events,1012
2026-03-05 00:00:00+00:00,events,1005
2026-03-05 00:00:00+00:00,events,1007
2026-03-05 00:00:00+00:00,events,1008
2026-03-05 00:00:00+00:00,events,1010
2026-03-06 00:00:00+00:00,intensives,783
2026-03-06 00:00:00+00:00,events,1016
2026-03-06 00:00:00+00:00,events,1018
2026-03-06 00:00:00+00:00,events,1017
2026-03-07 00:00:00+00:00,events,1019
2026-03-07 00:00:00+00:00,events,1020
2026-03-07 00:00:00+00:00,events,1022
2026-03-07 00:00:00+00:00,events,1021
2026-03-07 00:00:00+00:00,events,1023
2026-03-08 00:00:00+00:00,intensives,800
2026-03-08 00:00:00+00:00,intensives,801
2026-03-08 00:00:00+00:00,events,1032
2026-03-09 00:00:00+00:00,events,1034
2026-03-09 00:00:00+00:00,events,1035
2026-03-09 00:00:00+00:00,events,1037
2026-03-09 00:00:00+00:00,events,1038
2026-03-09 00:00:00+00:00,intensives,810
2026-03-09 00:00:00+00:00,events,1042
2026-03-10 00:00:00+00:00,intensives,823
2026-03-10 00:00:00+00:00,events,1050
2026-03-10 00:00:00+00:00,events,1044
2026-03-10 00:00:00+00:00,events,1051
2026-03-11 00:00:00+00:00,events,1055
2026-03-11 00:00:00+00:00,intensives,832
2026-03-11 00:00:00+00:00,events,1066
2026-03-11 00:00:00+00:00,events,1064
2026-03-11 00:00:00+00:00,events,1065
2026-03-12 00:00:00+00:00,events,1073
2026-03-12 00:00:00+00:00,events,1071
2026-03-12 00:00:00+00:00,events,1074
2026-03-12 00:00:00+00:00,events,1075
2026-03-12 00:00:00+00:00,events,1076
2026-03-12 00:00:00+00:00,events,1077
2026-03-12 00:00:00+00:00,intensives,852
2026-03-13 00:00:00+00:00,events,1081
2026-03-13 00:00:00+00:00,events,1079
2026-03-13 00:00:00+00:00,events,1082
2026-03-13 00:00:00+00:00,events,1084
2026-03-14 00:00:00+00:00,events,1087
2026-03-14 00:00:00+00:00,events,1097
2026-03-14 00:00:00+00:00,events,1094
2026-03-14 00:00:00+00:00,events,1098
2026-03-15 00:00:00+00:00,events,1105
2026-03-15 00:00:00+00:00,events,1099
2026-03-15 00:00:00+00:00,events,1100
2026-03-15 00:00:00+00:00,intensives,875
2026-03-15 00:00:00+00:00,events,1104
2026-03-16 00:00:00+00:00,events,1106
2026-03-16 00:00:00+00:00,events,1109
2026-03-16 00:00:00+00:00,events,1108
2026-03-16 00:00:00+00:00,events,1111
2026-03-16 00:00:00+00:00,events,1110
2026-03-16 00:00:00+00:00,events,1112
2026-03-17 00:00:00+00:00,events,1113
2026-03-17 00:00:00+00:00,events,1116
2026-03-17 00:00:00+00:00,events,1115
2026-03-17 00:00:00+00:00,events,1117
2026-03-17 00:00:00+00:00,events,1118
2026-03-18 00:00:00+00:00,events,1120
2026-03-18 00:00:00+00:00,mailbox,90
2026-03-18 00:00:00+00:00,events,1123
2026-03-19 00:00:00+00:00,events,1131
2026-03-19 00:00:00+00:00,mailbox,88
2026-03-19 00:00:00+00:00,events,1133
2026-03-19 00:00:00+00:00,events,1135
2026-03-20 00:00:00+00:00,events,1136
2026-03-20 00:00:00+00:00,events,1137
2026-03-20 00:00:00+00:00,events,1142
2026-03-20 00:00:00+00:00,intensives,914
2026-03-21 00:00:00+00:00,events,1143
2026-03-21 00:00:00+00:00,events,1146
2026-03-21 00:00:00+00:00,events,1144
2026-03-22 00:00:00+00:00,events,1147
2026-03-23 00:00:00+00:00,events,1149
2026-03-23 00:00:00+00:00,events,1150
2026-03-23 00:00:00+00:00,events,1152
2026-03-24 00:00:00+00:00,events,1153
2026-03-24 00:00:00+00:00,events,1156
2026-03-24 00:00:00+00:00,intensives,927
2026-03-24 00:00:00+00:00,intensives,928
2026-03-24 00:00:00+00:00,events,1159
2026-03-24 00:00:00+00:00,intensives,933
2026-03-25 00:00:00+00:00,intensives,938
2026-03-25 00:00:00+00:00,intensives,939
2026-03-25 00:00:00+00:00,events,1163
2026-03-25 00:00:00+00:00,intensives,941
2026-03-25 00:00:00+00:00,events,1171
2026-03-25 00:00:00+00:00,events,1172
2026-03-26 00:00:00+00:00,intensives,950
2026-03-26 00:00:00+00:00,intensives,958
2026-03-26 00:00:00+00:00,events,1181
2026-03-26 00:00:00+00:00,events,1183
2026-03-26 00:00:00+00:00,events,1186
2026-03-26 00:00:00+00:00,events,1187
2026-03-27 00:00:00+00:00,events,1190
2026-03-27 00:00:00+00:00,events,1189
2026-03-27 00:00:00+00:00,events,1191
2026-03-27 00:00:00+00:00,events,1192
2026-03-28 00:00:00+00:00,events,1194
2026-03-28 00:00:00+00:00,events,1195
2026-03-28 00:00:00+00:00,events,1196
2026-03-28 00:00:00+00:00,events,1197
2026-03-29 00:00:00+00:00,events,1198
2026-03-29 00:00:00+00:00,events,1201
2026-03-29 00:00:00+00:00,events,1200
2026-03-29 00:00:00+00:00,events,1207
2026-03-30 00:00:00+00:00,events,1209
2026-03-30 00:00:00+00:00,events,1208
2026-03-30 00:00:00+00:00,events,1211
2026-03-30 00:00:00+00:00,events,1214
2026-03-31 00:00:00+00:00,events,1224
2026-03-31 00:00:00+00:00,events,1225
2026-03-31 00:00:00+00:00,events,1226
2026-03-31 00:00:00+00:00,events,1227
2026-03-31 00:00:00+00:00,intensives,1002
2026-04-01 00:00:00+00:00,intensives,1003
2026-04-01 00:00:00+00:00,events,1235
2026-04-01 00:00:00+00:00,events,1236
2026-04-01 00:00:00+00:00,events,1237
2026-04-02 00:00:00+00:00,events,1238
2026-04-02 00:00:00+00:00,events,1239
2026-04-02 00:00:00+00:00,events,1240
2026-04-02 00:00:00+00:00,events,1241
2026-04-03 00:00:00+00:00,events,1242
2026-04-03 00:00:00+00:00,events,1243
2026-04-03 00:00:00+00:00,events,1246
2026-04-03 00:00:00+00:00,intensives,1013
2026-04-03 00:00:00+00:00,events,1247
2026-04-04 00:00:00+00:00,events,1249
2026-04-04 00:00:00+00:00,events,1250
2026-04-04 00:00:00+00:00,events,1251
2026-04-05 00:00:00+00:00,events,1252
2026-04-05 00:00:00+00:00,events,1253
2026-04-05 00:00:00+00:00,events,1254
2026-04-06 00:00:00+00:00,events,1255
2026-04-06 00:00:00+00:00,intensives,1023
2026-04-06 00:00:00+00:00,events,1260
2026-04-06 00:00:00+00:00,events,1257
2026-04-06 00:00:00+00:00,events,1258
2026-04-07 00:00:00+00:00,events,1263
2026-04-07 00:00:00+00:00,events,1262
2026-04-07 00:00:00+00:00,events,1264
2026-04-07 00:00:00+00:00,events,1265
2026-04-07 00:00:00+00:00,events,1266
2026-04-08 00:00:00+00:00,intensives,1031
2026-04-08 00:00:00+00:00,intensives,1033
2026-04-08 00:00:00+00:00,events,1280
2026-04-08 00:00:00+00:00,events,1278
2026-04-08 00:00:00+00:00,events,1283
2026-04-09 00:00:00+00:00,events,1284
2026-04-09 00:00:00+00:00,intensives,1040
2026-04-09 00:00:00+00:00,events,1288
2026-04-09 00:00:00+00:00,events,1289
2026-04-10 00:00:00+00:00,events,1290
2026-04-10 00:00:00+00:00,events,1298
2026-04-10 00:00:00+00:00,events,1307
2026-04-10 00:00:00+00:00,events,1304
2026-04-10 00:00:00+00:00,events,1305
2026-04-11 00:00:00+00:00,intensives,1063
2026-04-11 00:00:00+00:00,intensives,1060
2026-04-11 00:00:00+00:00,intensives,1061
2026-04-11 00:00:00+00:00,intensives,1062
2026-04-11 00:00:00+00:00,intensives,1064
2026-04-11 00:00:00+00:00,intensives,1065
2026-04-12 00:00:00+00:00,events,1315
2026-04-12 00:00:00+00:00,events,1316
2026-04-12 00:00:00+00:00,events,1317
2026-04-12 00:00:00+00:00,events,1319
2026-04-12 00:00:00+00:00,intensives,1071
2026-04-13 00:00:00+00:00,events,1321
2026-04-13 00:00:00+00:00,events,1323
2026-04-13 00:00:00+00:00,events,1324
2026-04-13 00:00:00+00:00,events,1325
2026-04-13 00:00:00+00:00,events,1326
2026-04-14 00:00:00+00:00,intensives,1081
2026-04-14 00:00:00+00:00,events,1334
2026-04-14 00:00:00+00:00,events,1332
2026-04-14 00:00:00+00:00,events,1335
2026-04-14 00:00:00+00:00,events,1336
2026-04-15 00:00:00+00:00,events,1339
2026-04-15 00:00:00+00:00,intensives,1089
2026-04-15 00:00:00+00:00,events,1340
2026-04-15 00:00:00+00:00,events,1341
2026-04-16 00:00:00+00:00,events,1347
2026-04-16 00:00:00+00:00,intensives,1091
2026-04-16 00:00:00+00:00,intensives,1092
2026-04-16 00:00:00+00:00,events,1348
2026-04-16 00:00:00+00:00,events,1349
2026-04-16 00:00:00+00:00,intensives,1096
2026-04-17 00:00:00+00:00,intensives,1097
2026-04-17 00:00:00+00:00,events,1352
2026-04-18 00:00:00+00:00,events,1367
2026-04-18 00:00:00+00:00,events,1365
2026-04-19 00:00:00+00:00,events,1368
2026-04-19 00:00:00+00:00,events,1371
2026-04-19 00:00:00+00:00,events,1370
2026-04-20 00:00:00+00:00,intensives,1113
2026-04-20 00:00:00+00:00,events,1376
2026-04-20 00:00:00+00:00,events,1377
2026-04-20 00:00:00+00:00,events,1378
2026-04-21 00:00:00+00:00,events,1382
2026-04-21 00:00:00+00:00,intensives,1121
2026-04-21 00:00:00+00:00,events,1383
2026-04-22 00:00:00+00:00,events,1395
2026-04-22 00:00:00+00:00,intensives,1125
2026-04-22 00:00:00+00:00,events,1404
2026-04-23 00:00:00+00:00,events,1406
2026-04-23 00:00:00+00:00,events,1405
2026-04-23 00:00:00+00:00,events,1412
2026-04-25 00:00:00+00:00,intensives,1145
2026-04-25 00:00:00+00:00,events,1425
2026-04-25 00:00:00+00:00,events,1426
2026-04-26 00:00:00+00:00,intensives,1154
2026-04-26 00:00:00+00:00,events,1429
2026-04-26 00:00:00+00:00,events,1431
2026-04-26 00:00:00+00:00,intensives,1157
2026-04-27 00:00:00+00:00,intensives,1166
2026-04-27 00:00:00+00:00,events,1436
2026-04-27 00:00:00+00:00,events,1437
2026-04-27 00:00:00+00:00,events,1438
2026-04-28 00:00:00+00:00,intensives,1168
2026-04-28 00:00:00+00:00,events,1443
2026-04-28 00:00:00+00:00,events,1444
2026-04-28 00:00:00+00:00,events,1445
2026-04-28 00:00:00+00:00,events,1446
2026-04-29 00:00:00+00:00,events,1449
2026-04-30 00:00:00+00:00,intensives,1198
