,id,username,date_joined
35,270,$$$bnbdmbdab,2021-11-29 11:36:51
73,413,Pbmodksnn,2021-12-30 11:56:12
97,1050,nsosabndsi,2022-02-01 21:02:59
35,270,$$$bnbdmbdab,2021-11-29 11:36:51
33,265,jboodbasnof,2021-11-29 07:49:18
93,839,Bsffabb3,2022-01-26 23:23:19
72,411,oabxeo,2021-12-30 07:24:19
10,217,fnoxonsnbkbxsnb,2021-11-24 16:05:45
94,861,KbaxsnDsnom,2022-01-27 17:02:21
24,235,DskobAmfos,2021-11-25 16:20:59
94,861,KbaxsnDsnom,2022-01-27 17:02:21
24,235,DskobAmfos,2021-11-25 16:20:59
93,839,Bsffabb3,2022-01-26 23:23:19
94,861,KbaxsnDsnom,2022-01-27 17:02:21
93,839,Bsffabb3,2022-01-26 23:23:19
25,238,AnfxodKbnkbn,2021-11-26 11:06:40
11,218,fbxbnsn,2021-11-24 17:09:58
56,344,xbnaodoo,2021-12-17 08:03:46
25,238,AnfxodKbnkbn,2021-11-26 11:06:40
